순위,종목명,티커,시장,업종,시가총액,현재가,배당금,배당수익률,배당성향,배당주기,배당안전성
1,현대엘리베이터,017800,KOSPI,기계·장비,2904564205500.0,74300.0,14010.0,18.86,193.03,연배당,🔴 주의 (과다 배당)
2,케이카,381970,KOSPI,유통,318800137440.0,6530.0,1200.0,18.38,114.29,연배당,🔴 주의 (과다 배당)
3,한국특강,007280,KOSPI,금속,68894928700.0,2405.0,400.0,16.63,384.62,연배당,🔴 주의 (과다 배당)
4,엠앤씨솔루션,484870,KOSPI,기계·장비,492388281000.0,17930.0,2491.0,13.89,150.06,연배당,🔴 주의 (과다 배당)
5,웅진씽크빅,095720,KOSPI,일반서비스,74329827180.0,1308.0,170.0,13.0,,연배당,🔴 주의 (적자 배당)
6,대교우B,019685,KOSPI,일반서비스,10063180820.0,1036.0,120.0,11.58,,연배당,🔴 주의 (적자 배당)
7,한세예스24홀딩스,016450,KOSPI,섬유·의류,177600000000.0,4440.0,500.0,11.26,,연배당,🔴 주의 (적자 배당)
8,대덕1우,00806K,KOSPI,기타금융,12887354910.0,10630.0,1160.0,10.91,,연배당,🔴 주의 (적자 배당)
9,대성산업,128820,KOSPI,유통,193607845840.0,4280.0,404.0,9.44,,연배당,🔴 주의 (적자 배당)
10,SB성보,003080,KOSPI,화학,44844800000.0,2240.0,205.0,9.15,11.65,연배당,🟢 안전 (안정적)
11,CR홀딩스,000480,KOSPI,비금속,210303847650.0,4485.0,410.0,9.14,,연배당,🔴 주의 (적자 배당)
12,진양산업,003780,KOSPI,화학,51155000000.0,3935.0,358.0,9.1,67.04,연배당,🟢 안전 (안정적)
13,HS애드,035000,KOSPI,일반서비스,99839087040.0,6160.0,550.0,8.93,51.31,연배당,🟢 안전 (안정적)
14,스카이라이프,053210,KOSPI,오락·문화,191755123425.0,4035.0,350.0,8.67,238.1,연배당,🔴 주의 (과다 배당)
15,화승인더,006060,KOSPI,유통,133044600000.0,2405.0,206.0,8.57,52.15,연배당,🟢 안전 (안정적)
16,한양증권우,001755,KOSPI,증권,9145305800.0,19340.0,1650.0,8.53,,연배당,🔴 주의 (적자 배당)
17,무림페이퍼,009200,KOSPI,종이·목재,61873043970.0,1487.0,125.0,8.41,,연배당,🔴 주의 (적자 배당)
18,한양증권,001750,KOSPI,증권,292821838680.0,19380.0,1600.0,8.26,36.5,연배당,🟢 안전 (안정적)
19,지역난방공사,071320,KOSPI,전기·가스,864932176800.0,74700.0,6157.0,8.24,21.91,연배당,🟢 안전 (안정적)
20,DSR제강,069730,KOSPI,금속,76320000000.0,5300.0,430.0,8.11,25.1,연배당,🟢 안전 (안정적)
21,부국증권우,001275,KOSPI,증권,90750000000.0,30250.0,2450.0,8.1,,연배당,🔴 주의 (적자 배당)
22,넥스틸,092790,KOSPI,금속,373908760000.0,14380.0,1155.0,8.03,83.33,연배당,🟡 보통 (고배당 주의)
23,제일연마,001560,KOSPI,비금속,68324000000.0,8990.0,721.0,8.02,35.31,연배당,🟢 안전 (안정적)
24,대덕,008060,KOSPI,기타금융,454914404920.0,14540.0,1155.0,7.94,1121.36,연배당,🔴 주의 (과다 배당)
25,AJ네트웍스,095570,KOSPI,일반서비스,188704005030.0,4170.0,330.0,7.91,51.97,연배당,🟢 안전 (안정적)
26,한국철강,104700,KOSPI,금속,346639500000.0,9510.0,750.0,7.89,,연배당,🔴 주의 (적자 배당)
27,진양폴리,010640,KOSPI,화학,31796800000.0,1904.0,150.0,7.88,108.7,연배당,🔴 주의 (과다 배당)
28,조선내화,462520,KOSPI,비금속,151864702080.0,12810.0,1000.0,7.81,531.91,연배당,🔴 주의 (과다 배당)
29,교촌에프앤비,339770,KOSPI,유통,191865907200.0,3840.0,300.0,7.81,85.47,연배당,🟡 보통 (고배당 주의)
30,무림P&P,009580,KOSPI,종이·목재,99976423372.0,1603.0,125.0,7.8,,연배당,🔴 주의 (적자 배당)
31,경농,002100,KOSPI,화학,178826787000.0,9160.0,700.0,7.64,67.05,연배당,🟢 안전 (안정적)
32,모토닉,009680,KOSPI,운송장비·부품,226458839480.0,10420.0,790.0,7.58,63.3,연배당,🟢 안전 (안정적)
33,우성,006980,KOSPI,음식료·담배,53364300000.0,17270.0,1300.0,7.53,25.8,연배당,🟢 안전 (안정적)
34,무학,033920,KOSPI,음식료·담배,217740000000.0,7640.0,566.0,7.41,29.82,연배당,🟢 안전 (안정적)
35,영보화학,014440,KOSPI,화학,94800000000.0,4740.0,350.0,7.38,40.56,연배당,🟢 안전 (안정적)
36,INVENI,015360,KOSPI,일반서비스,404390000000.0,14840.0,1080.0,7.28,26.98,연배당,🟢 안전 (안정적)
37,한솔로지스틱스,009180,KOSPI,운송·창고,78132414375.0,2775.0,200.0,7.21,35.52,연배당,🟢 안전 (안정적)
38,유화증권우,003465,KOSPI,증권,55749795750.0,3190.0,230.0,7.21,,연배당,🔴 주의 (적자 배당)
39,유화증권,003460,KOSPI,증권,173225877825.0,3055.0,220.0,7.2,96.07,연배당,🟡 보통 (고배당 주의)
40,KISCO홀딩스,001940,KOSPI,금속,365041785000.0,25750.0,1850.0,7.18,,연배당,🔴 주의 (적자 배당)
41,한국쉘석유,002960,KOSPI,화학,653900000000.0,503000.0,36000.0,7.16,97.04,연배당,🟡 보통 (고배당 주의)
42,동원시스템즈우,014825,KOSPI,화학,3768863970.0,14270.0,1000.0,7.01,,연배당,🔴 주의 (적자 배당)
43,디씨엠,024090,KOSPI,금속,133722000000.0,11730.0,820.0,6.99,59.9,연배당,🟢 안전 (안정적)
44,태원물산,001420,KOSPI,운송장비·부품,21888000000.0,2880.0,200.0,6.94,,연배당,🔴 주의 (적자 배당)
45,SJM홀딩스,025530,KOSPI,유통,53762428800.0,3600.0,250.0,6.94,40.26,연배당,🟢 안전 (안정적)
46,HS화성,002460,KOSPI,건설,109924500000.0,10830.0,750.0,6.93,25.72,연배당,🟢 안전 (안정적)
47,광주신세계,037710,KOSPI,유통,270383247400.0,35450.0,2400.0,6.77,41.17,연배당,🟢 안전 (안정적)
48,KPX케미칼,025000,KOSPI,화학,245645574900.0,56100.0,3750.0,6.68,35.21,연배당,🟢 안전 (안정적)
49,한세실업,105630,KOSPI,섬유·의류,363200000000.0,9080.0,600.0,6.61,41.27,연배당,🟢 안전 (안정적)
50,한솔제지,213500,KOSPI,종이·목재,179932354560.0,7560.0,500.0,6.61,306.75,연배당,🔴 주의 (과다 배당)
51,대교,019680,KOSPI,일반서비스,73185373150.0,1819.0,120.0,6.6,,연배당,🔴 주의 (적자 배당)
52,서울보증보험,031210,KOSPI,보험,3033748433100.0,43450.0,2865.0,6.59,74.53,연배당,🟢 안전 (안정적)
53,진도,088790,KOSPI,유통,28318617600.0,2275.0,150.0,6.59,45.45,연배당,🟢 안전 (안정적)
54,지엠비코리아,013870,KOSPI,운송장비·부품,72760748200.0,3815.0,250.0,6.55,32.81,연배당,🟢 안전 (안정적)
55,제일기획,030000,KOSPI,일반서비스,2175429564750.0,18910.0,1230.0,6.5,60.03,연배당,🟢 안전 (안정적)
56,KCC글라스,344820,KOSPI,비금속,393673120800.0,24650.0,1600.0,6.49,,연배당,🔴 주의 (적자 배당)
57,삼호개발,010960,KOSPI,건설,74530800000.0,3090.0,200.0,6.47,23.87,연배당,🟢 안전 (안정적)
58,강원랜드,035250,KOSPI,오락·문화,3166319400000.0,14800.0,950.0,6.42,60.43,연배당,🟢 안전 (안정적)
59,진양홀딩스,100250,KOSPI,화학,200326500000.0,3135.0,200.0,6.38,63.9,연배당,🟢 안전 (안정적)
60,이노션,214320,KOSPI,일반서비스,738800000000.0,18470.0,1175.0,6.36,51.22,연배당,🟢 안전 (안정적)
61,SNT모티브,064960,KOSPI,운송장비·부품,712606303200.0,26850.0,1700.0,6.33,58.2,연배당,🟢 안전 (안정적)
62,SNT홀딩스,036530,KOSPI,기타금융,773619390700.0,47450.0,3000.0,6.32,33.62,연배당,🟢 안전 (안정적)
63,SNT다이내믹스,003570,KOSPI,운송장비·부품,956015038750.0,28750.0,1800.0,6.26,66.77,연배당,🟢 안전 (안정적)
64,호전실업,111110,KOSPI,섬유·의류,58113060000.0,6410.0,400.0,6.24,28.25,연배당,🟢 안전 (안정적)
65,효성ITX,094280,KOSPI,일반서비스,139160728000.0,12040.0,750.0,6.23,57.74,연배당,🟢 안전 (안정적)
66,SIMPAC,009160,KOSPI,금속,316068630280.0,4835.0,300.0,6.2,78.74,연배당,🟡 보통 (고배당 주의)
67,유안타증권우,003475,KOSPI,증권,55921630050.0,4365.0,270.0,6.19,,연배당,🔴 주의 (적자 배당)
68,삼성카드,029780,KOSPI,기타금융,5271579540500.0,45500.0,2800.0,6.15,46.26,연배당,🟢 안전 (안정적)
69,대신증권2우B,003547,KOSPI,증권,189251320200.0,19700.0,1200.0,6.09,,연배당,🔴 주의 (적자 배당)
70,TKG휴켐스,069260,KOSPI,화학,671635200840.0,16430.0,1000.0,6.09,64.06,연배당,🟢 안전 (안정적)
71,하이트진로2우B,000087,KOSPI,음식료·담배,13934601540.0,12330.0,750.0,6.08,,연배당,🔴 주의 (적자 배당)
72,대신증권우,003545,KOSPI,증권,501077513700.0,20550.0,1250.0,6.08,,연배당,🔴 주의 (적자 배당)
73,MH에탄올,023150,KOSPI,음식료·담배,30547097640.0,4140.0,250.0,6.04,,연배당,🔴 주의 (적자 배당)
74,한일시멘트,300720,KOSPI,비금속,1220850469400.0,16600.0,1000.0,6.02,94.25,연배당,🟡 보통 (고배당 주의)
75,한국주철관,000970,KOSPI,금속,151851330000.0,6660.0,400.0,6.01,50.7,연배당,🟢 안전 (안정적)
76,SJM,123700,KOSPI,운송장비·부품,53524800140.0,3430.0,205.0,5.98,26.38,연배당,🟢 안전 (안정적)
77,HDC랩스,039570,KOSPI,건설,196758615580.0,7580.0,450.0,5.94,84.27,연배당,🟡 보통 (고배당 주의)
78,다올투자증권,030210,KOSPI,증권,246689979300.0,4050.0,240.0,5.93,37.44,연배당,🟢 안전 (안정적)
79,한국자산신탁,123890,KOSPI,기타금융,309606032780.0,2530.0,150.0,5.93,37.13,연배당,🟢 안전 (안정적)
80,대상우,001685,KOSPI,음식료·담배,20005255800.0,14600.0,860.0,5.89,,연배당,🔴 주의 (적자 배당)
81,NPC우,004255,KOSPI,화학,9878880000.0,1871.0,110.0,5.88,,연배당,🔴 주의 (적자 배당)
82,극동유화,014530,KOSPI,화학,119079069300.0,3415.0,200.0,5.86,588.24,연배당,🔴 주의 (과다 배당)
83,한국토지신탁,034830,KOSPI,기타금융,302734586770.0,1199.0,70.0,5.84,72.16,연배당,🟢 안전 (안정적)
84,한국금융지주우,071055,KOSPI,기타금융,878737650000.0,150000.0,8752.0,5.83,,연배당,🔴 주의 (적자 배당)
85,NH투자증권우,005945,KOSPI,증권,438750006000.0,23250.0,1350.0,5.81,,연배당,🔴 주의 (적자 배당)
86,삼양홀딩스,000070,KOSPI,기타금융,467344098200.0,60200.0,3500.0,5.81,,연배당,🔴 주의 (적자 배당)
87,대한제당우,001795,KOSPI,음식료·담배,13970347800.0,2155.0,125.0,5.8,,연배당,🔴 주의 (적자 배당)
88,동국씨엠,460850,KOSPI,금속,156070984320.0,5220.0,300.0,5.75,,연배당,🔴 주의 (적자 배당)
89,동방아그로,007590,KOSPI,화학,76258431200.0,5600.0,320.0,5.71,40.71,연배당,🟢 안전 (안정적)
90,대한제강,084010,KOSPI,금속,302126328840.0,8790.0,500.0,5.69,83.61,연배당,🟡 보통 (고배당 주의)
91,조광페인트,004910,KOSPI,화학,45248000000.0,3535.0,200.0,5.66,,연배당,🔴 주의 (적자 배당)
92,DSR,155660,KOSPI,금속,70640000000.0,4415.0,250.0,5.66,26.74,연배당,🟢 안전 (안정적)
93,한국단자,025540,KOSPI,전기·전자,573520500000.0,56700.0,3200.0,5.64,30.69,연배당,🟢 안전 (안정적)
94,현대차3우B,005389,KOSPI,운송장비·부품,415450182000.0,178500.0,10050.0,5.63,,연배당,🔴 주의 (적자 배당)
95,대현,016090,KOSPI,섬유·의류,62880880200.0,1420.0,80.0,5.63,32.13,연배당,🟢 안전 (안정적)
96,도화엔지니어링,002150,KOSPI,일반서비스,180739200000.0,5360.0,300.0,5.6,136.36,연배당,🔴 주의 (과다 배당)
97,현대차2우B,005387,KOSPI,운송장비·부품,6310989365000.0,180500.0,10100.0,5.6,,연배당,🔴 주의 (적자 배당)
98,쿠쿠홀딩스,192400,KOSPI,기타금융,988628743000.0,27800.0,1550.0,5.58,33.08,연배당,🟢 안전 (안정적)
99,한일홀딩스,003300,KOSPI,비금속,555890935320.0,18030.0,1000.0,5.55,97.66,연배당,🟡 보통 (고배당 주의)
100,현대차우,005385,KOSPI,운송장비·부품,4248054720000.0,182000.0,10050.0,5.52,,연배당,🔴 주의 (적자 배당)
1,이지홀딩스,035810,KOSDAQ,음식료·담배,297419612850.0,4610.0,1361.0,29.52,327.95,연배당,🔴 주의 (과다 배당)
2,노바텍,285490,KOSDAQ,기타제조,127650280170.0,12070.0,2871.0,23.79,152.31,연배당,🔴 주의 (과다 배당)
3,바이오인프라,199730,KOSDAQ,일반서비스,6498794312.0,1336.0,300.0,22.46,,연배당,🔴 주의 (적자 배당)
4,케이피에프,024880,KOSDAQ,금속,76675544280.0,3845.0,701.0,18.23,70.1,연배당,🟡 보통 (고배당 주의)
5,앱코,129890,KOSDAQ,전기·전자,44224779542.0,971.0,174.0,17.92,123.4,연배당,🔴 주의 (과다 배당)
6,기도산업,282620,KOSDAQ,섬유·의류,74782621320.0,12760.0,2000.0,15.67,23.82,연배당,🟡 보통 (고배당 주의)
7,휴럼,353190,KOSDAQ,음식료·담배,20516156820.0,2605.0,400.0,15.36,275.86,연배당,🔴 주의 (과다 배당)
8,서호전기,065710,KOSDAQ,전기·전자,235870000000.0,45800.0,6000.0,13.1,130.78,연배당,🔴 주의 (과다 배당)
9,아이비김영,339950,KOSDAQ,일반서비스,110119304750.0,2450.0,300.0,12.24,62.76,연배당,🟡 보통 (고배당 주의)
10,스톰테크,352090,KOSDAQ,화학,99967552560.0,3720.0,450.0,12.1,118.42,연배당,🔴 주의 (과다 배당)
11,골프존,215000,KOSDAQ,IT 서비스,223404774000.0,35600.0,4000.0,11.24,93.7,연배당,🟡 보통 (고배당 주의)
12,흥국에프엔비,189980,KOSDAQ,음식료·담배,46880981936.0,1168.0,130.0,11.13,64.68,연배당,🟢 안전 (안정적)
13,딜리,131180,KOSDAQ,전기·전자,24419200000.0,4160.0,450.0,10.82,134.33,연배당,🔴 주의 (과다 배당)
14,크리스에프앤씨,110790,KOSDAQ,섬유·의류,69355641600.0,2960.0,320.0,10.81,52.03,연배당,🟢 안전 (안정적)
15,블랙야크아이앤씨,478560,KOSDAQ,섬유·의류,81236287210.0,3145.0,325.0,10.33,,연배당,🔴 주의 (적자 배당)
16,유아이엘,049520,KOSDAQ,전기·전자,119669385000.0,3880.0,400.0,10.31,55.94,연배당,🟢 안전 (안정적)
17,도이치모터스,067990,KOSDAQ,유통,110889890000.0,3800.0,390.0,10.26,325.0,연배당,🔴 주의 (과다 배당)
18,메가스터디,072870,KOSDAQ,오락·문화,155687724540.0,13060.0,1320.0,10.11,55.16,연배당,🟢 안전 (안정적)
19,엠아이큐브솔루션,373170,KOSDAQ,IT 서비스,30182238630.0,1997.0,200.0,10.02,185.19,연배당,🔴 주의 (과다 배당)
20,와토스코리아,079000,KOSDAQ,화학,28944000000.0,4020.0,403.0,10.02,,연배당,🔴 주의 (적자 배당)
21,일월지엠엘,178780,KOSDAQ,유통,46597987500.0,2500.0,250.0,10.0,83.89,연배당,🟡 보통 (고배당 주의)
22,디와이피엔에프,104460,KOSDAQ,기계·장비,74362974070.0,7070.0,700.0,9.9,25.9,연배당,🟢 안전 (안정적)
23,우리손에프앤지,073560,KOSDAQ,음식료·담배,106279782005.0,1535.0,150.0,9.77,43.6,연배당,🟢 안전 (안정적)
24,크레버스,096240,KOSDAQ,일반서비스,87843584400.0,8580.0,800.0,9.32,113.96,연배당,🔴 주의 (과다 배당)
25,시공테크,020710,KOSDAQ,일반서비스,74377968700.0,3710.0,339.0,9.14,20.96,연배당,🟢 안전 (안정적)
26,정상제이엘에스,040420,KOSDAQ,일반서비스,91086577120.0,5810.0,530.0,9.12,119.37,연배당,🔴 주의 (과다 배당)
27,SOOP,067160,KOSDAQ,IT 서비스,426455855700.0,37100.0,3380.0,9.11,35.37,연배당,🟢 안전 (안정적)
28,원풍,008370,KOSDAQ,화학,59940000000.0,4995.0,450.0,9.01,69.66,연배당,🟢 안전 (안정적)
29,엔브이에이치코리아,067570,KOSDAQ,운송장비·부품,70466070000.0,1671.0,150.0,8.98,,연배당,🔴 주의 (적자 배당)
30,케이프,064820,KOSDAQ,운송장비·부품,243795698500.0,7900.0,700.0,8.86,34.86,연배당,🟢 안전 (안정적)
31,정다운,208140,KOSDAQ,음식료·담배,74193238420.0,2270.0,200.0,8.81,107.53,연배당,🔴 주의 (과다 배당)
32,메가스터디교육,215200,KOSDAQ,일반서비스,353972126400.0,34150.0,3000.0,8.78,37.17,연배당,🟢 안전 (안정적)
33,팜스토리,027710,KOSDAQ,음식료·담배,128017673400.0,1149.0,100.0,8.7,36.76,연배당,🟢 안전 (안정적)
34,예스24,053280,KOSDAQ,유통,73500000000.0,2940.0,250.0,8.5,,연배당,🔴 주의 (적자 배당)
35,TJ미디어,032540,KOSDAQ,전기·전자,79932604725.0,3825.0,320.0,8.37,167.54,연배당,🔴 주의 (과다 배당)
36,플레이디,237820,KOSDAQ,일반서비스,29374150600.0,2290.0,190.0,8.3,41.48,연배당,🟢 안전 (안정적)
37,린드먼아시아,277070,KOSDAQ,금융,41281380000.0,3015.0,250.0,8.29,105.49,연배당,🔴 주의 (과다 배당)
38,코리아에셋투자증권,190650,KOSDAQ,금융,42671840000.0,6680.0,550.0,8.23,45.45,연배당,🟢 안전 (안정적)
39,KB오토시스,024120,KOSDAQ,운송장비·부품,35247500000.0,3065.0,250.0,8.16,73.75,연배당,🟢 안전 (안정적)
40,아이스크림미디어,461300,KOSDAQ,IT 서비스,256011513600.0,19200.0,1554.0,8.09,39.92,연배당,🟢 안전 (안정적)
41,레드캡투어,038390,KOSDAQ,일반서비스,166873803560.0,9980.0,800.0,8.02,56.5,연배당,🟢 안전 (안정적)
42,위너스일렉,479960,KOSDAQ,전기·전자,44537500000.0,6250.0,500.0,8.0,71.02,연배당,🟢 안전 (안정적)
43,젝시믹스,337930,KOSDAQ,IT 서비스,74191187500.0,2500.0,200.0,8.0,50.0,연배당,🟢 안전 (안정적)
44,한국기업평가,034950,KOSDAQ,일반서비스,470851301800.0,103700.0,8009.0,7.72,141.6,연배당,🔴 주의 (과다 배당)
45,푸른저축은행,007330,KOSDAQ,금융,152185452000.0,10090.0,770.0,7.63,45.4,연배당,🟢 안전 (안정적)
46,더네이쳐홀딩스,298540,KOSDAQ,섬유·의류,95030692160.0,6560.0,500.0,7.62,106.16,연배당,🔴 주의 (과다 배당)
47,와이솔,122990,KOSDAQ,전기·전자,169020840610.0,6590.0,500.0,7.59,,연배당,🔴 주의 (적자 배당)
48,위츠,459100,KOSDAQ,전기·전자,53325756000.0,3960.0,300.0,7.58,197.37,연배당,🔴 주의 (과다 배당)
49,대창스틸,140520,KOSDAQ,금속,42049612056.0,1992.0,150.0,7.53,111.11,연배당,🔴 주의 (과다 배당)
50,윈스테크넷,136540,KOSDAQ,IT 서비스,130656497440.0,10640.0,800.0,7.52,47.23,연배당,🟢 안전 (안정적)
51,진로발효,018120,KOSDAQ,음식료·담배,110175436800.0,16640.0,1250.0,7.51,68.12,연배당,🟢 안전 (안정적)
52,LS증권,078020,KOSDAQ,금융,370059537300.0,6670.0,500.0,7.5,135.14,연배당,🔴 주의 (과다 배당)
53,피코그램,376180,KOSDAQ,기타제조,24816107806.0,1337.0,100.0,7.48,,연배당,🔴 주의 (적자 배당)
54,서원인텍,093920,KOSDAQ,전기·전자,90117000000.0,4845.0,350.0,7.22,98.87,연배당,🟡 보통 (고배당 주의)
55,케이씨피드,025880,KOSDAQ,음식료·담배,39198687010.0,2345.0,165.0,7.04,25.19,연배당,🟢 안전 (안정적)
56,링네트,042500,KOSDAQ,IT 서비스,95183184880.0,4270.0,300.0,7.03,53.38,연배당,🟢 안전 (안정적)
57,에이스침대,003800,KOSDAQ,기타제조,362643000000.0,32700.0,2300.0,7.03,43.38,연배당,🟢 안전 (안정적)
58,보라티알,250000,KOSDAQ,유통,39356773390.0,5830.0,400.0,6.86,1142.86,연배당,🔴 주의 (과다 배당)
59,HB인베스트먼트,440290,KOSDAQ,금융,48548848950.0,1765.0,120.0,6.8,53.1,연배당,🟢 안전 (안정적)
60,로지시스,067730,KOSDAQ,IT 서비스,21669585280.0,2240.0,150.0,6.7,43.86,연배당,🟢 안전 (안정적)
61,삼일기업공사,002290,KOSDAQ,건설,41850000000.0,3375.0,225.0,6.67,40.83,연배당,🟢 안전 (안정적)
62,한국컴퓨터,054040,KOSDAQ,전기·전자,72240448550.0,4495.0,300.0,6.67,19.29,연배당,🟢 안전 (안정적)
63,이노진,344860,KOSDAQ,화학,20380680000.0,1356.0,90.0,6.64,346.15,연배당,🔴 주의 (과다 배당)
64,에스텍,069510,KOSDAQ,전기·전자,140411700000.0,12870.0,850.0,6.6,17.18,연배당,🟢 안전 (안정적)
65,KZ정밀,036560,KOSDAQ,기계·장비,191362500000.0,12150.0,800.0,6.58,135.36,연배당,🔴 주의 (과다 배당)
66,태웅로직스,124560,KOSDAQ,운송·창고,76667205780.0,1980.0,130.0,6.57,,연배당,🔴 주의 (적자 배당)
67,디바이스,187870,KOSDAQ,기계·장비,138627720000.0,10000.0,650.0,6.5,49.85,연배당,🟢 안전 (안정적)
68,에이티넘인베스트,021080,KOSDAQ,금융,103680000000.0,2160.0,140.0,6.48,25.69,연배당,🟢 안전 (안정적)
69,화인써키트,127980,KOSDAQ,전기·전자,31140998920.0,2630.0,170.0,6.46,,연배당,🔴 주의 (적자 배당)
70,서한,011370,KOSDAQ,건설,78193520375.0,3875.0,250.0,6.45,17.01,연배당,🟢 안전 (안정적)
71,그리티,204020,KOSDAQ,섬유·의류,34778087616.0,1788.0,115.0,6.43,48.32,연배당,🟢 안전 (안정적)
72,창해에탄올,004650,KOSDAQ,음식료·담배,85934774750.0,9350.0,600.0,6.42,34.31,연배당,🟢 안전 (안정적)
73,스톤브릿지벤처스,330730,KOSDAQ,금융,85350533550.0,4685.0,300.0,6.4,47.1,연배당,🟢 안전 (안정적)
74,오상자이엘,053980,KOSDAQ,IT 서비스,45368851370.0,2390.0,150.0,6.28,27.37,연배당,🟢 안전 (안정적)
75,현대공업,170030,KOSDAQ,운송장비·부품,73325200000.0,4780.0,300.0,6.28,37.83,연배당,🟢 안전 (안정적)
76,남화산업,111710,KOSDAQ,오락·문화,65778660000.0,3195.0,200.0,6.26,61.73,연배당,🟢 안전 (안정적)
77,비비씨,318410,KOSDAQ,화학,35664660060.0,6420.0,400.0,6.23,40.32,연배당,🟢 안전 (안정적)
78,경남스틸,039240,KOSDAQ,금속,51989696908.0,1927.0,120.0,6.23,69.77,연배당,🟢 안전 (안정적)
79,안국약품,001540,KOSDAQ,제약,132510987200.0,10160.0,633.0,6.23,96.2,연배당,🟡 보통 (고배당 주의)
80,휴엠앤씨,263920,KOSDAQ,기타제조,31536018590.0,3215.0,200.0,6.22,125.0,연배당,🔴 주의 (과다 배당)
81,웹젠,069080,KOSDAQ,IT 서비스,350231963250.0,11310.0,700.0,6.19,84.95,연배당,🟡 보통 (고배당 주의)
82,삼현철강,017480,KOSDAQ,금속,75129659850.0,4865.0,300.0,6.17,72.99,연배당,🟢 안전 (안정적)
83,엠브레인,169330,KOSDAQ,일반서비스,23811993400.0,1300.0,80.0,6.15,,연배당,🔴 주의 (적자 배당)
84,HRS,036640,KOSDAQ,화학,80056746000.0,4895.0,300.0,6.13,35.46,연배당,🟢 안전 (안정적)
85,삼아제약,009300,KOSDAQ,제약,88861500000.0,13950.0,850.0,6.09,40.09,연배당,🟢 안전 (안정적)
86,한네트,052600,KOSDAQ,통신,34344189000.0,2970.0,180.0,6.06,56.96,연배당,🟢 안전 (안정적)
87,대원,007680,KOSDAQ,건설,43767262780.0,3310.0,200.0,6.04,,연배당,🔴 주의 (적자 배당)
88,에이에스텍,453860,KOSDAQ,화학,53424266670.0,8290.0,500.0,6.03,130.89,연배당,🔴 주의 (과다 배당)
89,디지털대성,068930,KOSDAQ,일반서비스,240221968560.0,8680.0,520.0,5.99,64.92,연배당,🟢 안전 (안정적)
90,케이티알파,036030,KOSDAQ,유통,229409579880.0,4680.0,280.0,5.98,31.46,연배당,🟢 안전 (안정적)
91,KG파이낸셜,046440,KOSDAQ,IT 서비스,152070369270.0,4195.0,250.0,5.96,38.82,연배당,🟢 안전 (안정적)
92,SY동아,041930,KOSDAQ,화학,76760000000.0,5050.0,300.0,5.94,15.89,연배당,🟢 안전 (안정적)
93,KG이니시스,035600,KOSDAQ,IT 서비스,278575327740.0,10110.0,600.0,5.93,33.37,연배당,🟢 안전 (안정적)
94,경동제약,011040,KOSDAQ,제약,156305331280.0,5080.0,300.0,5.91,94.94,연배당,🟡 보통 (고배당 주의)
95,이크레더블,092130,KOSDAQ,IT 서비스,174030020000.0,14450.0,850.0,5.88,79.51,연배당,🟡 보통 (고배당 주의)
96,피엔에이치테크,239890,KOSDAQ,화학,33781567000.0,3400.0,200.0,5.88,69.2,연배당,🟢 안전 (안정적)
97,태양,053620,KOSDAQ,금속,58738000000.0,6830.0,400.0,5.86,26.86,연배당,🟢 안전 (안정적)
98,인크로스,216050,KOSDAQ,일반서비스,62090985980.0,5090.0,298.0,5.85,30.01,연배당,🟢 안전 (안정적)
99,피제이메탈,128660,KOSDAQ,금속,72673871170.0,2930.0,170.0,5.8,55.37,연배당,🟢 안전 (안정적)
100,폰드그룹,472850,KOSDAQ,유통,278358937420.0,4835.0,280.0,5.79,46.67,연배당,🟢 안전 (안정적)
1,VICI Properties Inc.,VICI,S&P500,Real Estate,27339751907.89,24.83,1.84,7.41,69.77,분기배당,🟢 안전 (안정적)
2,"General Mills, Inc.",GIS,S&P500,Consumer Defensive,19166465873.99,35.85,2.44,6.81,59.41,분기배당,🟢 안전 (안정적)
3,"United Parcel Service, Inc.",UPS,S&P500,Industrials,85316374371.87,100.28,6.56,6.54,121.93,분기배당,🔴 주의 (과다 배당)
4,"Altria Group, Inc.",MO,S&P500,Consumer Defensive,115178941527.78,68.98,4.44,6.44,89.26,분기배당,🟡 보통 (고배당 주의)
5,"Brown & Brown, Inc.",BRO,S&P500,Financial Services,22147860787.81,66.19,0.66,1.0,20.61,분기배당,🟢 안전 (안정적)
6,Sherwin-Williams Company (The),SHW,S&P500,Basic Materials,78486139842.91,323.31,3.2,0.99,29.34,분기배당,🟢 안전 (안정적)
7,Booking Holdings Inc. Common St,BKNG,S&P500,Consumer Cyclical,130680089895.0,173.92,1.68,0.97,17.86,분기배당,🟢 안전 (안정적)
8,Deere & Company,DE,S&P500,Industrials,182196676757.27,675.74,6.48,0.96,36.02,분기배당,🟢 안전 (안정적)
9,Trane Technologies plc,TT,S&P500,Industrials,97364657336.21,442.52,4.2,0.95,29.66,분기배당,🟢 안전 (안정적)
10,S&P Global Inc.,SPGI,S&P500,Financial Services,121077307557.36,410.71,3.88,0.94,23.49,분기배당,🟢 안전 (안정적)
11,"Roper Technologies, Inc.",ROP,S&P500,Technology,38424964063.35,388.52,3.64,0.94,14.46,분기배당,🟢 안전 (안정적)
12,Walmart Inc.,WMT,S&P500,Consumer Defensive,852708233069.9,107.15,0.99,0.92,34.96,분기배당,🟢 안전 (안정적)
13,Labcorp Holdings Inc.,LH,S&P500,Healthcare,25265894843.47,311.54,2.88,0.92,23.82,분기배당,🟢 안전 (안정적)
14,Fox Corporation,FOXA,S&P500,Communication Services,27723647727.53,65.94,0.58,0.88,14.58,분기배당,🟢 안전 (안정적)
15,"Steel Dynamics, Inc.",STLD,S&P500,Basic Materials,34368642420.59,239.79,2.12,0.88,18.69,분기배당,🟢 안전 (안정적)
16,"PulteGroup, Inc.",PHM,S&P500,Consumer Cyclical,22526917083.86,118.26,1.04,0.88,10.21,분기배당,🟢 안전 (안정적)
17,"Cardinal Health, Inc.",CAH,S&P500,Healthcare,54555290957.76,234.57,2.06,0.88,28.33,분기배당,🟢 안전 (안정적)
18,Marriott International,MAR,S&P500,Consumer Cyclical,87275865575.92,334.69,2.92,0.87,28.36,분기배당,🟢 안전 (안정적)
19,Moody's Corporation,MCO,S&P500,Financial Services,82252310455.97,474.95,4.12,0.87,25.0,분기배당,🟢 안전 (안정적)
20,Humana Inc.,HUM,S&P500,Healthcare,49208906292.61,409.8,3.54,0.86,33.46,분기배당,🟢 안전 (안정적)
21,Nucor Corporation,NUE,S&P500,Basic Materials,58858357220.88,259.43,2.24,0.86,17.8,분기배당,🟢 안전 (안정적)
22,"Corteva, Inc.",CTVA,S&P500,Basic Materials,55977745198.61,83.9,0.72,0.86,43.64,분기배당,🟢 안전 (안정적)
23,Expeditors International of Was,EXPD,S&P500,Industrials,25036195153.31,192.6,1.62,0.84,23.0,분기배당,🟢 안전 (안정적)
24,Parker-Hannifin Corporation,PH,S&P500,Industrials,119774084927.19,950.23,8.0,0.84,25.98,분기배당,🟢 안전 (안정적)
25,General Motors Company,GM,S&P500,Consumer Cyclical,77439148361.74,85.62,0.72,0.84,29.46,분기배당,🟢 안전 (안정적)
26,"Freeport-McMoRan, Inc.",FCX,S&P500,Basic Materials,102057770737.42,71.07,0.6,0.84,29.41,분기배당,🟢 안전 (안정적)
27,Vulcan Materials Company (Holdi,VMC,S&P500,Basic Materials,32749731243.01,252.74,2.08,0.82,23.82,분기배당,🟢 안전 (안정적)
28,Newmont Corporation,NEM,S&P500,Basic Materials,133618720436.63,126.81,1.04,0.82,12.86,분기배당,🟢 안전 (안정적)
29,"Caterpillar, Inc.",CAT,S&P500,Industrials,376276054009.17,818.57,6.52,0.8,26.01,분기배당,🟢 안전 (안정적)
30,"United Rentals, Inc.",URI,S&P500,Industrials,61565292309.71,989.12,7.88,0.8,18.09,분기배당,🟢 안전 (안정적)
31,Danaher Corporation,DHR,S&P500,Healthcare,140695627270.98,200.14,1.6,0.8,25.67,분기배당,🟢 안전 (안정적)
32,"W.W. Grainger, Inc.",GWW,S&P500,Industrials,60289204278.16,1280.0,9.96,0.78,23.63,분기배당,🟢 안전 (안정적)
33,"Ross Stores, Inc.",ROST,S&P500,Consumer Cyclical,74017034129.95,230.74,1.78,0.77,20.56,분기배당,🟢 안전 (안정적)
34,Globe Life Inc.,GL,S&P500,Financial Services,13154320677.6,171.17,1.32,0.77,7.98,분기배당,🟢 안전 (저성향)
35,KKR & Co. Inc.,KKR,S&P500,Financial Services,93356532865.57,101.08,0.78,0.77,23.96,분기배당,🟢 안전 (안정적)
36,"Cencora, Inc.",COR,S&P500,Healthcare,61364296696.59,321.57,2.4,0.75,17.45,분기배당,🟢 안전 (안정적)
37,Microsoft Corporation,MSFT,S&P500,Technology,3680323112647.84,495.63,3.64,0.73,19.83,분기배당,🟢 안전 (안정적)
38,"HCA Healthcare, Inc.",HCA,S&P500,Healthcare,92433145726.48,426.94,3.12,0.73,10.06,분기배당,🟢 안전 (안정적)
39,Visa Inc.,V,S&P500,Financial Services,691647681535.67,370.45,2.68,0.72,22.13,분기배당,🟢 안전 (안정적)
40,Broadcom Inc.,AVGO,S&P500,Technology,1722196456936.23,361.99,2.6,0.72,32.4,분기배당,🟢 안전 (안정적)
41,"Salesforce, Inc.",CRM,S&P500,Technology,203873562563.03,247.72,1.76,0.71,15.68,분기배당,🟢 안전 (안정적)
42,"Agilent Technologies, Inc.",A,S&P500,Healthcare,41429233027.83,146.93,1.02,0.69,19.98,분기배당,🟢 안전 (안정적)
43,"Expedia Group, Inc.",EXPE,S&P500,Consumer Cyclical,33705801357.49,280.83,1.92,0.68,11.07,분기배당,🟢 안전 (안정적)
44,News Corporation,NWSA,S&P500,Communication Services,15798151376.12,29.44,0.2,0.68,19.42,분기배당,🟢 안전 (안정적)
45,Corning Incorporated,GLW,S&P500,Technology,143335013945.51,166.4,1.12,0.67,51.61,분기배당,🟢 안전 (안정적)
46,"J.B. Hunt Transport Services, I",JBHT,S&P500,Industrials,25399293388.35,270.45,1.8,0.67,25.32,분기배당,🟢 안전 (안정적)
47,"Martin Marietta Materials, Inc.",MLM,S&P500,Basic Materials,36217043874.44,509.96,3.36,0.66,21.59,분기배당,🟢 안전 (안정적)
48,"Monolithic Power Systems, Inc.",MPWR,S&P500,Technology,60665063438.32,1234.46,8.0,0.65,43.44,분기배당,🟢 안전 (안정적)
49,Texas Pacific Land Corporation,TPL,S&P500,Energy,25458555611.54,369.1,2.4,0.65,28.91,분기배당,🟢 안전 (안정적)
50,Costco Wholesale Corporation,COST,S&P500,Consumer Defensive,401246319111.42,904.77,5.88,0.65,27.01,분기배당,🟢 안전 (안정적)
51,"Old Dominion Freight Line, Inc.",ODFL,S&P500,Industrials,37390619833.44,179.79,1.16,0.65,21.92,분기배당,🟢 안전 (안정적)
52,Vistra Corp.,VST,S&P500,Utilities,49801555533.82,148.38,0.92,0.62,15.35,분기배당,🟢 안전 (안정적)
53,Eli Lilly and Company,LLY,S&P500,Healthcare,994915757426.6,1115.7,6.92,0.62,21.69,분기배당,🟢 안전 (안정적)
54,Mastercard Incorporated,MA,S&P500,Financial Services,498616070556.7,569.19,3.48,0.61,17.93,분기배당,🟢 안전 (안정적)
55,News Corporation,NWS,S&P500,Communication Services,17552904459.23,32.71,0.2,0.61,19.42,분기배당,🟢 안전 (안정적)
56,Amphenol Corporation,APH,S&P500,Technology,206943915614.69,83.92,0.5,0.6,22.88,분기배당,🟢 안전 (안정적)
57,Constellation Energy Corporatio,CEG,S&P500,Utilities,100890747122.52,284.75,1.71,0.6,15.92,분기배당,🟢 안전 (안정적)
58,GE Aerospace,GE,S&P500,Industrials,335817489325.23,323.66,1.88,0.58,19.58,분기배당,🟢 안전 (안정적)
59,W.R. Berkley Corporation,WRB,S&P500,Financial Services,25948807565.4,69.9,0.4,0.57,7.61,분기배당,🟢 안전 (저성향)
60,"AMETEK, Inc.",AME,S&P500,Industrials,55451419290.19,241.87,1.36,0.56,19.01,분기배당,🟢 안전 (안정적)
61,Veralto Corp,VLTO,S&P500,Industrials,22940952223.7,94.1,0.52,0.55,12.59,분기배당,🟢 안전 (안정적)
62,KLA Corporation,KLAC,S&P500,Technology,236014609161.81,180.64,0.92,0.51,21.86,분기배당,🟢 안전 (안정적)
63,Fortive Corporation,FTV,S&P500,Technology,16517312442.19,54.69,0.28,0.51,12.7,분기배당,🟢 안전 (안정적)
64,"Regeneron Pharmaceuticals, Inc.",REGN,S&P500,Healthcare,80458298981.43,781.49,3.76,0.48,9.01,분기배당,🟢 안전 (저성향)
65,"Universal Health Services, Inc.",UHS,S&P500,Healthcare,10303870717.56,174.83,0.8,0.46,3.27,분기배당,🟢 안전 (저성향)
66,"Applied Materials, Inc.",AMAT,S&P500,Technology,362269285582.51,456.49,2.12,0.46,16.48,분기배당,🟢 안전 (안정적)
67,NVIDIA Corporation,NVDA,S&P500,Technology,5271048124886.28,218.29,1.0,0.46,3.54,분기배당,🟢 안전 (저성향)
68,Dell Technologies Inc.,DELL,S&P500,Technology,366550111233.61,567.29,2.52,0.44,13.44,분기배당,🟢 안전 (안정적)
69,Westinghouse Air Brake Technolo,WAB,S&P500,Industrials,47838929280.57,283.22,1.24,0.44,15.07,분기배당,🟢 안전 (안정적)
70,Lam Research Corporation,LRCX,S&P500,Technology,373168945999.62,298.22,1.32,0.44,18.06,분기배당,🟢 안전 (안정적)
71,Bio-Techne Corp,TECH,S&P500,Healthcare,11309731979.19,72.12,0.32,0.44,27.59,분기배당,🟢 안전 (안정적)
72,McKesson Corporation,MCK,S&P500,Healthcare,102775564212.18,881.51,3.76,0.43,8.8,분기배당,🟢 안전 (저성향)
73,"Caseys General Stores, Inc.",CASY,S&P500,Consumer Cyclical,22775414213.94,615.47,2.6,0.42,11.9,분기배당,🟢 안전 (안정적)
74,"Interactive Brokers Group, Inc.",IBKR,S&P500,Financial Services,155677623488.01,91.37,0.35,0.38,13.0,분기배당,🟢 안전 (안정적)
75,Seagate Technology Holdings PLC,STX,S&P500,Technology,188153470462.78,830.17,2.96,0.36,21.15,분기배당,🟢 안전 (안정적)
76,Apple Inc.,AAPL,S&P500,Technology,4849208178779.97,332.27,1.08,0.33,12.04,분기배당,🟢 안전 (안정적)
77,"Meta Platforms, Inc.",META,S&P500,Communication Services,1650860530304.15,648.03,2.1,0.32,7.91,분기배당,🟢 안전 (저성향)
78,Thermo Fisher Scientific Inc,TMO,S&P500,Healthcare,225479296948.98,609.82,1.88,0.31,9.69,분기배당,🟢 안전 (저성향)
79,Alphabet Inc.,GOOG,S&P500,Communication Services,4102532241239.1,335.45,0.88,0.26,4.26,분기배당,🟢 안전 (저성향)
80,Alphabet Inc.,GOOGL,S&P500,Communication Services,4139832900688.86,338.5,0.88,0.26,4.26,분기배당,🟢 안전 (저성향)
81,"Qnity Electronics, Inc.",Q,S&P500,Technology,26443960425.25,126.4,0.32,0.25,7.86,분기배당,🟢 안전 (저성향)
82,"West Pharmaceutical Services, I",WST,S&P500,Healthcare,24366201211.85,346.23,0.88,0.25,11.14,분기배당,🟢 안전 (안정적)
83,Howmet Aerospace Inc.,HWM,S&P500,Industrials,91568791196.4,229.61,0.56,0.24,10.34,분기배당,🟢 안전 (안정적)
84,Loews Corporation,L,S&P500,Financial Services,22239691320.77,108.79,0.25,0.23,3.07,분기배당,🟢 안전 (저성향)
85,"Revvity, Inc.",RVTY,S&P500,Healthcare,13871305431.74,124.31,0.28,0.23,13.46,분기배당,🟢 안전 (안정적)
86,GE HealthCare Technologies Inc.,GEHC,S&P500,Healthcare,28876299679.92,63.93,0.14,0.22,3.23,분기배당,🟢 안전 (저성향)
87,"Comfort Systems USA, Inc.",FIX,S&P500,Industrials,59507274893.86,1690.82,3.6,0.21,6.4,분기배당,🟢 안전 (저성향)
88,GE Vernova Inc.,GEV,S&P500,Industrials,254953143479.6,957.27,2.0,0.21,5.73,분기배당,🟢 안전 (저성향)
89,"EMCOR Group, Inc.",EME,S&P500,Industrials,34434834112.0,780.66,1.6,0.2,4.05,분기배당,🟢 안전 (저성향)
90,Hilton Worldwide Holdings Inc.,HLT,S&P500,Consumer Cyclical,68912617925.58,306.19,0.6,0.2,8.81,분기배당,🟢 안전 (저성향)
91,Progressive Corporation (The),PGR,S&P500,Financial Services,126458987813.04,217.62,0.4,0.18,69.74,분기배당,🟢 안전 (안정적)
92,Baxter International Inc.,BAX,S&P500,Healthcare,12304504037.82,23.8,0.04,0.17,3.08,분기배당,🟢 안전 (저성향)
93,"Teradyne, Inc.",TER,S&P500,Technology,59365710647.9,379.72,0.52,0.14,6.87,분기배당,🟢 안전 (저성향)
94,Western Digital Corporation,WDC,S&P500,Technology,161226680419.59,447.18,0.6,0.13,1.86,분기배당,🟢 안전 (저성향)
95,Ingersoll Rand Inc.,IR,S&P500,Industrials,28296798229.33,72.93,0.08,0.11,3.31,분기배당,🟢 안전 (저성향)
96,"Marvell Technology, Inc.",MRVL,S&P500,Technology,212184170926.36,236.1,0.24,0.1,7.95,분기배당,🟢 안전 (저성향)
97,Jabil Inc.,JBL,S&P500,Technology,33330672886.01,318.08,0.32,0.1,4.01,분기배당,🟢 안전 (저성향)
98,Textron Inc.,TXT,S&P500,Industrials,13930938978.65,81.0,0.08,0.1,1.51,분기배당,🟢 안전 (저성향)
99,"Vertiv Holdings, LLC",VRT,S&P500,Industrials,98965066578.98,257.06,0.25,0.1,5.09,분기배당,🟢 안전 (저성향)
100,"Quanta Services, Inc.",PWR,S&P500,Industrials,97810399983.27,650.58,0.44,0.07,4.92,분기배당,🟢 안전 (저성향)
1,Carlyle Credit Income Fund,CCIF,NASDAQ,Financial Services,54056486.22,2.55,0.72,28.24,4.2,월배당,🟡 보통 (고배당 주의)
2,Oxford Lane Capital Corp.,OXLC,NASDAQ,Financial Services,938149418.67,9.57,2.4,25.08,12.16,월배당,🟡 보통 (고배당 주의)
3,Arbor Realty Trust,ABR,NASDAQ,Real Estate,956877334.05,4.72,0.94,19.92,11.89,분기배당,🟡 보통 (고배당 주의)
4,Eagle Point Credit Company Inc.,ECC,NASDAQ,Financial Services,492139786.4,3.7,0.72,19.46,9.29,월배당,🟡 보통 (고배당 주의)
5,"Orchid Island Capital, Inc.",ORC,NASDAQ,Real Estate,1258450274.27,6.33,1.2,18.96,78.86,월배당,🟡 보통 (고배당 주의)
6,Prospect Capital Corporation,PSEC,NASDAQ,Financial Services,1138297432.28,2.22,0.42,18.92,8.67,월배당,🟡 보통 (고배당 주의)
7,BlackRock TCP Capital Corp.,TCPC,NASDAQ,Financial Services,341484336.98,4.07,0.76,18.67,3.78,분기배당,🟡 보통 (고배당 주의)
8,FS KKR Capital Corp.,FSK,NASDAQ,Financial Services,3285685981.58,11.89,2.04,17.16,70.0,분기배당,🟡 보통 (고배당 주의)
9,"MFA Financial, Inc.",MFA,NASDAQ,Real Estate,865312801.35,8.56,1.44,16.82,142.57,분기배당,🔴 주의 (과다 배당)
10,"Dynex Capital, Inc.",DX,NASDAQ,Real Estate,3107050040.58,12.52,2.04,16.29,65.18,월배당,🟡 보통 (고배당 주의)
11,Chimera Investment Corporation,CIM,NASDAQ,Real Estate,930980224.04,11.13,1.8,16.17,86.05,분기배당,🟡 보통 (고배당 주의)
12,New Mountain Finance Corporatio,NMFC,NASDAQ,Financial Services,683835300.65,7.24,1.14,15.75,8.0,분기배당,🟡 보통 (고배당 주의)
13,Horizon Technology Finance Corp,HRZN,NASDAQ,Financial Services,328466145.74,4.9,0.72,14.69,2.89,월배당,🟡 보통 (고배당 주의)
14,"BrightSpire Capital, Inc.",BRSP,NASDAQ,Real Estate,563032496.64,4.45,0.64,14.38,20.0,분기배당,🟡 보통 (고배당 주의)
15,Trinity Capital Inc.,TRIN,NASDAQ,Financial Services,1611685485.9,17.93,2.55,14.22,127.01,분기배당,🔴 주의 (과다 배당)
16,AGNC Investment Corp.,AGNC,NASDAQ,Real Estate,12032636148.83,10.15,1.44,14.19,71.64,월배당,🟡 보통 (고배당 주의)
17,Ares Commercial Real Estate Cor,ACRE,NASDAQ,Real Estate,239678402.82,4.32,0.6,13.89,22.67,분기배당,🟡 보통 (고배당 주의)
18,Annaly Capital Management Inc.,NLY,NASDAQ,Real Estate,16506346227.05,21.9,3.0,13.7,68.84,분기배당,🟡 보통 (고배당 주의)
19,"Carlyle Secured Lending, Inc.",CGBD,NASDAQ,Financial Services,781966200.16,11.37,1.5,13.19,3.04,분기배당,🟡 보통 (고배당 주의)
20,Blackstone Secured Lending Fund,BXSL,NASDAQ,Financial Services,5686799277.46,24.41,3.08,12.62,2.43,분기배당,🟡 보통 (고배당 주의)
21,Capital Southwest Corporation,CSWC,NASDAQ,Financial Services,1541722325.12,24.19,3.04,12.57,141.48,분기배당,🔴 주의 (과다 배당)
22,"STARWOOD PROPERTY TRUST, INC. S",STWD,NASDAQ,Real Estate,5931990923.4,15.62,1.92,12.29,3.25,분기배당,🟡 보통 (고배당 주의)
23,SLR Investment Corp.,SLRC,NASDAQ,Financial Services,659019927.14,12.08,1.44,11.92,113.24,분기배당,🔴 주의 (과다 배당)
24,Blue Owl Capital Corporation,OBDC,NASDAQ,Financial Services,5499064086.31,11.08,1.24,11.19,2.57,분기배당,🟢 안전 (저성향)
25,Two Harbors Investment Corp,TWO,NASDAQ,Real Estate,1280541440.0,12.18,1.36,11.17,75.95,분기배당,🟡 보통 (고배당 주의)
26,Fidus Investment Corporation,FDUS,NASDAQ,Financial Services,742766891.7,19.57,2.14,10.94,106.76,분기배당,🔴 주의 (과다 배당)
27,"Hercules Capital, Inc.",HTGC,NASDAQ,Financial Services,3258525326.44,17.41,1.88,10.8,93.07,분기배당,🟡 보통 (고배당 주의)
28,Oaktree Specialty Lending Corpo,OCSL,NASDAQ,Financial Services,1116043479.1,12.67,1.32,10.42,3.21,분기배당,🟢 안전 (저성향)
29,"Golub Capital BDC, Inc.",GBDC,NASDAQ,Financial Services,3320943668.96,12.79,1.32,10.32,2.18,분기배당,🟢 안전 (저성향)
30,Rithm Capital Corp.,RITM,NASDAQ,Real Estate,5438884317.94,9.74,1.0,10.27,166.67,분기배당,🔴 주의 (과다 배당)
31,Ares Capital Corporation,ARCC,NASDAQ,Financial Services,14173771356.43,19.74,1.92,9.73,143.28,분기배당,🔴 주의 (과다 배당)
32,Ladder Capital Corp,LADR,NASDAQ,Real Estate,1219175476.49,9.61,0.92,9.57,2.19,분기배당,🟢 안전 (저성향)
33,Gladstone Commercial Corporatio,GOOD,NASDAQ,Real Estate,620575135.99,12.71,1.2,9.44,4.8,월배당,🟢 안전 (저성향)
34,Gladstone Capital Corporation,GLAD,NASDAQ,Financial Services,440112940.94,19.48,1.8,9.24,86.62,분기배당,🟡 보통 (고배당 주의)
35,The Kraft Heinz Company,KHC,NASDAQ,Consumer Defensive,29171264940.46,24.6,1.6,6.5,73.06,분기배당,🟢 안전 (안정적)
36,Gladstone Investment Corporatio,GAIN,NASDAQ,Financial Services,633169297.04,15.9,0.96,6.04,22.54,분기배당,🟢 안전 (안정적)
37,Gladstone Land Corporation,LAND,NASDAQ,Real Estate,411736515.86,9.55,0.56,5.86,11.12,월배당,🟢 안전 (안정적)
38,Main Street Capital Corporation,MAIN,NASDAQ,Financial Services,5257046206.61,56.22,3.18,5.66,86.35,월배당,🟡 보통 (고배당 주의)
39,Verizon Communications Inc.,VZ,NASDAQ,Communication Services,210273197817.51,50.61,2.83,5.59,72.79,분기배당,🟢 안전 (안정적)
40,KKR Real Estate Finance Trust I,KREF,NASDAQ,Real Estate,459747955.76,7.15,0.4,5.59,5.88,분기배당,🟢 안전 (저성향)
41,Comcast Corporation,CMCSA,NASDAQ,Communication Services,89425650633.6,25.2,1.32,5.24,42.31,분기배당,🟢 안전 (안정적)
42,The AES Corporation,AES,NASDAQ,Utilities,10551757397.97,14.79,0.7,4.73,26.36,분기배당,🟢 안전 (안정적)
43,Eversource Energy (D/B/A),ES,NASDAQ,Utilities,25809752882.2,68.52,3.15,4.6,80.0,분기배당,🟡 보통 (고배당 주의)
44,HA Sustainable Infrastructure C,HASI,NASDAQ,Financial Services,4801887986.68,37.37,1.7,4.55,2.6,분기배당,🟢 안전 (저성향)
45,"Pepsico, Inc.",PEP,NASDAQ,Consumer Defensive,186213117379.31,136.32,5.92,4.34,75.33,분기배당,🟡 보통 (고배당 주의)
46,AT&T Inc.,T,NASDAQ,Communication Services,178573157903.86,26.06,1.11,4.26,36.63,분기배당,🟢 안전 (안정적)
47,"Dominion Energy, Inc.",D,NASDAQ,Utilities,56606290154.02,64.36,2.67,4.15,92.39,분기배당,🟡 보통 (고배당 주의)
48,"Paychex, Inc.",PAYX,NASDAQ,Technology,41222541538.46,115.8,4.76,4.11,90.59,분기배당,🟡 보통 (고배당 주의)
49,FirstEnergy Corp.,FE,NASDAQ,Utilities,26692659569.43,46.13,1.86,4.03,96.26,분기배당,🟡 보통 (고배당 주의)
50,Exelon Corporation,EXC,NASDAQ,Utilities,44465759494.87,43.16,1.68,3.89,60.29,분기배당,🟢 안전 (안정적)
51,Pinnacle West Capital Corporati,PNW,NASDAQ,Utilities,11647052991.16,96.1,3.64,3.79,69.58,분기배당,🟢 안전 (안정적)
52,Public Service Enterprise Group,PEG,NASDAQ,Utilities,36080625964.56,72.39,2.68,3.7,64.68,분기배당,🟢 안전 (안정적)
53,OGE Energy Corp,OGE,NASDAQ,Utilities,9616357638.8,46.55,1.7,3.65,74.56,분기배당,🟢 안전 (안정적)
54,Duke Energy Corporation (Holdin,DUK,NASDAQ,Utilities,93112039903.88,119.42,4.34,3.63,64.16,분기배당,🟢 안전 (안정적)
55,Southern Company (The),SO,NASDAQ,Utilities,100277135776.41,87.17,3.04,3.49,71.81,분기배당,🟢 안전 (안정적)
56,Chord Energy Corporation,CHRD,NASDAQ,Energy,8314624154.91,152.01,5.2,3.42,35.14,분기배당,🟢 안전 (안정적)
57,"Evergy, Inc.",EVRG,NASDAQ,Utilities,18818893885.86,81.62,2.78,3.41,70.04,분기배당,🟢 안전 (안정적)
58,CMS Energy Corporation,CMS,NASDAQ,Utilities,21056704860.71,67.15,2.28,3.4,66.92,분기배당,🟢 안전 (안정적)
59,PPL Corporation,PPL,NASDAQ,Utilities,25646727546.62,34.08,1.14,3.35,65.98,분기배당,🟢 안전 (안정적)
60,"Mondelez International, Inc.",MDLZ,NASDAQ,Consumer Defensive,79692676814.26,62.44,2.08,3.33,73.26,분기배당,🟢 안전 (안정적)
61,"Consolidated Edison, Inc.",ED,NASDAQ,Utilities,39371957532.26,106.46,3.51,3.3,57.15,분기배당,🟢 안전 (안정적)
62,Alliant Energy Corporation,LNT,NASDAQ,Utilities,17439489953.63,67.26,2.14,3.18,65.98,분기배당,🟢 안전 (안정적)
63,DBA Sempra,SRE,NASDAQ,Utilities,54496053384.61,83.34,2.63,3.16,75.51,분기배당,🟡 보통 (고배당 주의)
64,Xcel Energy Inc.,XEL,NASDAQ,Utilities,47159892046.24,75.5,2.37,3.14,63.7,분기배당,🟢 안전 (안정적)
65,American Electric Power Company,AEP,NASDAQ,Utilities,67140528774.56,123.33,3.8,3.08,65.51,분기배당,🟢 안전 (안정적)
66,"Hasbro, Inc.",HAS,NASDAQ,Consumer Cyclical,12911210680.2,91.54,2.8,3.06,49.82,분기배당,🟢 안전 (안정적)
67,"NextEra Energy, Inc.",NEE,NASDAQ,Utilities,171696879602.27,82.31,2.49,3.03,53.47,분기배당,🟢 안전 (안정적)
68,Keurig Dr Pepper Inc.,KDP,NASDAQ,Consumer Defensive,42716327036.98,31.39,0.92,2.93,92.93,분기배당,🟡 보통 (고배당 주의)
69,NiSource Inc,NI,NASDAQ,Utilities,19858581272.46,41.41,1.2,2.9,61.7,분기배당,🟢 안전 (안정적)
70,"Williams Companies, Inc. (The)",WMB,NASDAQ,Energy,89107751817.06,72.85,2.1,2.88,81.67,분기배당,🟡 보통 (고배당 주의)
71,Amgen Inc.,AMGN,NASDAQ,Healthcare,204007477284.61,377.35,10.08,2.67,60.87,분기배당,🟢 안전 (안정적)
72,"Automatic Data Processing, Inc.",ADP,NASDAQ,Technology,106569707924.9,268.26,6.8,2.53,60.69,분기배당,🟢 안전 (안정적)
73,"NetEase, Inc.",NTES,NASDAQ,Communication Services,74019322570.51,115.61,2.93,2.53,41.68,분기배당,🟢 안전 (안정적)
74,Starbucks Corporation,SBUX,NASDAQ,Consumer Cyclical,112563598696.89,98.74,2.48,2.51,142.77,분기배당,🔴 주의 (과다 배당)
75,Microchip Technology Incorporat,MCHP,NASDAQ,Technology,40291244943.01,74.2,1.82,2.45,2.68,분기배당,🟢 안전 (저성향)
76,"CenterPoint Energy, Inc (Holdin",CNP,NASDAQ,Utilities,25762549661.02,39.11,0.96,2.45,53.57,분기배당,🟢 안전 (안정적)
77,Ready Capital Corporation,RC,NASDAQ,Real Estate,271438041.88,1.64,0.04,2.44,91.28,분기배당,🟡 보통 (고배당 주의)
78,Entergy Corporation,ETR,NASDAQ,Utilities,50324303887.11,105.33,2.56,2.43,64.45,분기배당,🟢 안전 (안정적)
79,"Gilead Sciences, Inc.",GILD,NASDAQ,Healthcare,178206357137.64,143.72,3.28,2.28,43.4,분기배당,🟢 안전 (안정적)
80,APA Corporation,APA,NASDAQ,Energy,15671223301.84,44.73,1.0,2.24,21.1,분기배당,🟢 안전 (안정적)
81,"Diamondback Energy, Inc.",FANG,NASDAQ,Energy,57395655815.73,204.97,4.4,2.15,79.05,분기배당,🟡 보통 (고배당 주의)
82,Texas Instruments Incorporated,TXN,NASDAQ,Technology,245389673057.64,268.7,5.68,2.11,85.41,분기배당,🟡 보통 (고배당 주의)
83,QUALCOMM Incorporated,QCOM,NASDAQ,Technology,194354961519.22,181.97,3.68,2.02,41.03,분기배당,🟢 안전 (안정적)
84,Fastenal Company,FAST,NASDAQ,Industrials,56594580928.62,49.32,0.96,1.95,78.63,분기배당,🟡 보통 (고배당 주의)
85,NXP Semiconductors N.V.,NXPI,NASDAQ,Technology,59667089966.75,236.62,4.06,1.72,34.61,분기배당,🟢 안전 (안정적)
86,"Targa Resources, Inc.",TRGP,NASDAQ,Energy,62238606105.31,290.25,5.0,1.72,40.63,분기배당,🟢 안전 (안정적)
87,"NRG Energy, Inc.",NRG,NASDAQ,Utilities,23850481975.55,113.46,1.9,1.67,47.66,분기배당,🟢 안전 (안정적)
88,"Cisco Systems, Inc.",CSCO,NASDAQ,Technology,442082267146.89,112.13,1.68,1.5,49.85,분기배당,🟢 안전 (안정적)
89,Honeywell International Inc.,HON,NASDAQ,Industrials,64135975740.76,202.36,2.8,1.38,36.14,분기배당,🟢 안전 (안정적)
90,EQT Corporation,EQT,NASDAQ,Energy,33821651131.42,54.07,0.66,1.22,15.14,분기배당,🟢 안전 (안정적)
91,"Analog Devices, Inc.",ADI,NASDAQ,Technology,183543717725.31,378.78,4.4,1.16,49.64,분기배당,🟢 안전 (안정적)
92,eBay Inc.,EBAY,NASDAQ,Consumer Cyclical,47948748326.81,107.75,1.24,1.15,25.21,분기배당,🟢 안전 (안정적)
93,Booking Holdings Inc. Common St,BKNG,NASDAQ,Consumer Cyclical,130680089895.0,173.92,1.68,0.97,17.86,분기배당,🟢 안전 (안정적)
94,Marriott International,MAR,NASDAQ,Consumer Cyclical,87275865575.92,334.69,2.92,0.87,28.36,분기배당,🟢 안전 (안정적)
95,"Ross Stores, Inc.",ROST,NASDAQ,Consumer Cyclical,74017034129.95,230.74,1.78,0.77,20.56,분기배당,🟢 안전 (안정적)
96,Broadcom Inc.,AVGO,NASDAQ,Technology,1722196456936.23,361.99,2.6,0.72,32.4,분기배당,🟢 안전 (안정적)
97,"Expedia Group, Inc.",EXPE,NASDAQ,Consumer Cyclical,33705801357.49,280.83,1.92,0.68,11.07,분기배당,🟢 안전 (안정적)
98,KLA Corporation,KLAC,NASDAQ,Technology,236014609161.81,180.64,0.92,0.51,21.86,분기배당,🟢 안전 (안정적)
99,"Regeneron Pharmaceuticals, Inc.",REGN,NASDAQ,Healthcare,80458298981.43,781.49,3.76,0.48,9.01,분기배당,🟢 안전 (저성향)
100,Lam Research Corporation,LRCX,NASDAQ,Technology,373168945999.62,298.22,1.32,0.44,18.06,분기배당,🟢 안전 (안정적)
